Cause,Fuels Involved,Incident Type,Perimeter Contained (%),Personnel Involved,Fire Size (Acres),Latitude,Longitude,ISO Date,Region
,,Wildfire,40,,600,32.722,-99.48100000000001,2020-08-15T07:15:00,Texas
Lightning,"Primary carrier of the fire is currently the timber litter, grass and light brush associated with the under story of the ponderosa pine forest. Oak scrub is involved on the western edge of the burn area.",Wildfire,90,243,21284,33.544000000000004,-110.42,2020-08-01T16:30:00,Arizona
Powerline,,Wildfire,100,,73,30.863000000000003,-100.54799999999999,2020-08-13T15:15:00,Texas
Lightning,"Pinyon, juniper, oak, and sage",Wildfire,7,757,74807,,,2020-07-31T17:15:00,Colorado
Unknown,"Timber,litter and understory",Wildfire,,93,1300,,,2020-08-14T11:43:00,Colorado
Lightning,Grass and Brush,Wildfire,30,80,2900,,,2020-08-10T13:45:00,Arizona
Unknown,,Wildfire,90,,1700,42.286,-107.052,,Wyoming
,,Wildfire,100,,2,33.858000000000004,-98.831,2020-08-15T12:15:00,Texas
Unknown,"Heavy Timber (litter and understory),Fire is burning in gray stage beetle killed lodgepole with a high component of dead and down.",Wildfire,75,30,5,46.852,-112.671,2020-08-06T00:00:00,Montana
,Mixed,Wildfire,40,38,770,43.39,-105.072,2020-08-11T00:00:00,Wyoming
,Mixed Conifer and Ponderosa Pine,Wildfire,84,20,26,,,2020-08-03T00:00:00,New Mexico
Lightning,,Wildfire,,25,13,38.183,-119.869,2020-07-28T16:30:00,California
Unknown,"Chaparral (6 feet),Brush (2 feet),Timber (Grass and Understory)",Wildfire,12,1563,14714,,,2020-08-12T15:45:00,Louisiana
Unknown,,Wildfire,100,3,591,44.458999999999996,-109.54700000000001,2020-06-13T00:45:00,Wyoming
Lightning,"Timber (grass and understory),Brush (2 feet),Smoldering in the interior of the burn.",Wildfire,69,249,12180,65.854,-149.579,2020-06-05T15:15:00,Alaska
Human Caused,Grass and brush,Wildfire,100,90,893,33.806999999999995,-112.119,2020-06-23T14:30:00,Arizona
Human Caused,,Wildfire,100,25,4499,,,2020-06-20T11:00:00,Nebraska
Lightning,,Wildfire,100,,24729,33.419000000000004,-111.301,2020-05-30T22:00:00,Arizona
Lightning,,Wildfire,,5,18,,,2020-06-26T10:45:00,California
Human Caused,CWZ Type 3 Team will transition the incident back to Tonto National Forest Management 7/2.,Wildfire,100,20,193455,,,2020-06-13T14:00:00,Arizona
Under Investigation,Grass and sage,Wildfire,100,132,2975,39.576,-119.913,2020-06-26T21:56:00,Nevada
Lightning,Mixed conifer and aspen,Wildfire,100,,42,,,2020-06-13T00:00:00,Colorado
Lightning,,Wildfire,98,168,78065,,,2020-06-26T16:00:00,Utah
Human Caused,"Chaparral (6 feet),Tall Grass (2.5 feet)",Wildfire,90,11,502,31.444000000000003,-111.41799999999999,2020-07-06T19:32:00,Arizona
Lightning,Grass and brush,Wildfire,100,10,2306,,,2020-07-11T22:00:00,Arizona
Lightning,,Wildfire,92,177,628,34.266,-111.54,2020-07-03T15:00:00,Arizona
Lightning,"Brush, tall grass, and hardwood litter. Heavy grass crop and dry light brush are the primary carriers of the fire.",Wildfire,67,288,28051,33.479,-110.29799999999999,2020-07-12T09:30:00,Arizona
Lightning,,Wildfire,100,19,11159,,,2020-06-06T13:45:00,New Mexico
Lightning,,Wildfire,96,309,12861,35.84,-109.37799999999999,2020-06-27T14:00:00,Arizona
Unknown,,Wildfire,100,79,17545,43.857,-107.919,2020-07-14T16:45:00,Wyoming
Lightning,"Short Grass (1 foot),Brush (2 feet),Hardwood Litter",Wildfire,100,16,119987,,,2020-06-05T22:00:00,Arizona
Lightning,,Wildfire,100,1,17950,33.183,-108.333,2020-06-06T10:15:00,New Mexico
Under Investigation,,Wildfire,90,304,250,,,2020-07-16T03:00:00,Washington
Human Caused,,Wildfire,100,185,2758,,,2020-06-28T14:30:00,Nevada
Lightning,"Timber (Litter and Understory),Tall Grass (2.5 feet)",Wildfire,100,3,3226,39.804,-108.36200000000001,2020-07-13T12:00:00,Colorado
Lightning,,Wildfire,100,16,274,39.888000000000005,-108.44200000000001,2020-07-14T12:15:00,Colorado
Lightning,,Wildfire,100,1,25950,33.315,-108.56200000000001,2020-06-28T11:20:00,New Mexico
,,Wildfire,90,150,100,,,2020-07-20T12:00:00,California
Unknown,,Wildfire,90,272,1249,42.503,-120.553,2020-07-21T13:00:00,Oregon
Unknown,"Timber (Litter and understory), Brush (2 ft), Short grass (1 ft)",Wildfire,100,,180,,,2020-07-08T17:45:00,New Mexico
Under Investigation,,Wildfire,100,,71450,,,2020-06-08T15:00:00,Arizona
Lightning,"grass, brush, pinyon/juniper",Wildfire,100,3,8354,36.330999999999996,-112.573,2020-07-16T06:00:00,Arizona
Lightning,,Wildfire,100,4,212,39.793,-108.195,2020-07-13T10:15:00,Colorado
Lightning,Primary carrier is grass with timber litter in the conifer stringers and timber stands. Brush patches add areas of intensity but are not currently contributing significantly to spread.,Wildfire,100,,23142,33.415,-109.31200000000001,2020-07-06T09:08:00,Arizona
Lightning,,Wildfire,,,,41.193999999999996,-123.458,2020-07-26T00:00:00,California
Unknown,,Wildfire,100,134,5146,48.136,-119.038,2020-07-23T14:40:00,Washington
Lightning,,Wildfire,100,193,2817,35.945,-115.446,2020-07-20T09:00:00,Nevada
Under Investigation,,Wildfire,100,215,1992,48.652,-119.24799999999999,2020-07-27T16:15:00,Washington
Lightning,"Timber (litter and understory), Timber (grass and understory)",Wildfire,100,,14624,33.57,-107.44200000000001,2020-06-15T12:33:00,New Mexico
Lightning,,Wildfire,,,,,,2020-07-26T17:00:00,Oregon
Lightning,,Wildfire,97,255,83261,,,2020-07-22T10:15:00,California
Unknown,,Wildfire,100,44,1289,46.205,-105.72399999999999,2020-07-30T13:00:00,Montana
Lightning,"Ponderosa Pine, Oak, Grasses",Wildfire,100,30,97,,,2020-08-02T14:00:00,Arizona
Human Caused,Timber (grass and understory),Wildfire,100,71,1577,43.11600000000001,-102.62100000000001,2020-06-16T13:00:00,South Dakota
Lightning,,Wildfire,50,67,129,,,2020-08-01T20:00:00,Montana
Under Investigation,,Wildfire,100,96,91,,,2020-07-27T15:00:00,Nebraska
Piece From Faulty Catalytic Converter,,Wildfire,80,18,500,34.713,-111.727,2020-08-01T16:45:00,Arizona
Lightning,,Wildfire,,,2,,,2020-08-07T00:00:00,Idaho
Unknown,"Short Grass, Brush, Sage Brush, Juniper",Wildfire,90,142,7633,41.004,-109.272,2020-08-03T14:00:00,Utah
Unknown,,Wildfire,95,58,7115,40.954,-114.344,2020-08-02T14:07:00,Nevada
Lightning,,Wildfire,100,30,11405,,,2020-07-29T16:30:00,Arizona
Lightning,,Wildfire,97,201,684,40.336,-121.51,2020-08-01T14:00:00,California
Lightning,,Wildfire,,,15,40.841,-122.885,2020-07-22T20:00:00,California
,,Wildfire,,,1,,,2020-06-28T14:30:00,Nevada
Under Investigation,,Wildfire,98,134,594,36.899,-119.24,2020-08-03T12:45:00,California
Human Caused,"Rough Terrain, heavy fuel loading, continuous fuel",Wildfire,95,9,1367,43.273,-102.711,2020-08-06T17:00:00,South Dakota
Lightning,,Wildfire,95,115,3391,,,2020-08-05T16:00:00,Oregon
Lightning,,Wildfire,100,233,2112,,,2020-08-05T23:00:00,Idaho
Lightning,,Wildfire,100,5,107,,,2020-06-15T14:30:00,Colorado
Lightning,,Wildfire,100,5,85,45.205,-119.194,2020-07-28T15:39:00,Oregon
,"grass, brush",Wildfire,100,32,252,31.513,-98.84200000000001,2020-08-11T19:00:00,Texas
,"grass, brush",Wildfire,100,18,2654,32.959,-98.28,2020-08-10T16:15:00,Texas
Lightning,,Wildfire,,,81,,,2020-07-24T00:00:00,California
Lightning,"timber, brush",Wildfire,75,149,430,47.99100000000001,-120.7,2020-07-31T00:00:00,Washington
Under Investigation,,Wildfire,80,22,2,,,2020-08-13T13:45:00,California
Debris Burning,,Wildfire,100,,478,31.334,-99.76899999999999,2020-08-13T17:15:00,Texas
Lightning,,Wildfire,85,3,171,37.654,-106.86,2020-06-28T13:00:00,Colorado
,,Wildfire,100,,70,,,2020-08-13T19:00:00,Texas
,,Wildfire,,,,32.236999999999995,-110.53399999999999,,Arizona
Unknown,"Highway 14 is closed from Rustic to Gould. Larimer County has issued evacuation orders for areas around the fire from Highway 14 north to Deadman Road and Four Corners, from Red  Feather Lakes west to Cameron Pass.",Wildfire,,120,5424,40.609,-105.87899999999999,2020-08-13T13:48:00,Colorado
Human Caused,,Wildfire,30,751,985,45.655,-121.376,2020-08-12T00:00:00,Washington
,,Wildfire,70,,67,32.935,-98.13600000000001,2020-08-14T17:10:00,Texas
,,Wildfire,100,,104,33.646,-98.322,2020-08-14T12:30:00,Texas
Lightning,,Wildfire,10,102,1509,33.667,-105.62899999999999,2020-08-04T16:30:00,New Mexico
Lightning,,Wildfire,50,345,438,43.982,-116.05799999999999,2020-08-06T01:55:00,Idaho
,,Wildfire,,,,32.204,-110.54700000000001,,Arizona
,,Wildfire,95,,25,30.093000000000004,-97.20299999999999,,Texas
Accidental Roadside Start,,Wildfire,95,101,400,,,2020-08-13T16:30:00,Texas
Unknown,"Extreme,Crowning,Running,Spotting,Narrative:,Fire spread is primarily wind and topography driven. Extreme fire behavior is expected when winds and,slope align. Fire is burning in and near several large canyons",Wildfire,,553,19440,39.571999999999996,-107.266,2020-08-10T13:30:00,Colorado
Unknown,,Wildfire,99,92,7760,35.465,-118.544,2020-08-03T15:30:00,California
Lightning,Timber and brush,Wildfire,,318,4663,44.858000000000004,-113.43700000000001,2020-08-11T10:30:00,Idaho
Lightning,,Wildfire,10,319,12100,40.818000000000005,-119.648,2020-08-12T15:16:00,California
Lightning,,Wildfire,35,1490,10895,,,2020-07-27T11:03:00,California
Lightning,shrubs/trees/grasses,Wildfire,10,40,2147,,,2020-08-13T00:00:00,Arizona
Human Caused,,Wildfire,3,143,1400,,,2020-08-13T14:53:00,California
Human Caused,,Wildfire,90,897,33424,33.998000000000005,-116.93299999999999,2020-07-31T17:00:00,California
